City_ID,City,Country,Lat,Lng,Max Temp,Humidity,Cloudiness,Wind Speed,Current Description
0,Bluff,NZ,-46.6,168.3333,39.79,81,2,4.59,clear sky
1,Hasanpur,IN,28.7167,78.2833,53.2,68,2,0.4,clear sky
2,Vaini,TO,-21.2,-175.2,75.36,94,100,12.66,light rain
3,Airai,TL,-8.9266,125.4092,61.11,89,91,1.07,overcast clouds
4,Mataura,NZ,-46.1927,168.8643,39.47,99,4,2.01,clear sky
5,Rudsar,IR,37.1376,50.288,41.05,78,38,10.58,scattered clouds
6,Hithadhoo,MV,-0.6,73.0833,82.69,72,21,12.66,few clouds
7,Phetchabun,TH,16.25,101.0833,75.47,62,77,4.07,broken clouds
8,Butaritari,KI,3.0707,172.7902,81.3,77,63,15.21,light rain
9,Krasnoyarka,RU,55.3333,73.1167,4.95,94,97,6.02,overcast clouds
10,Santa Vitoria Do Palmar,BR,-33.5189,-53.3681,74.53,42,75,14.85,broken clouds
11,Barrow,US,71.2906,-156.7887,-23.78,76,40,6.91,haze
12,Emirdag,TR,39.0197,31.15,29.34,82,5,4.76,clear sky
13,Hobart,AU,-42.8794,147.3294,53.06,87,23,1.01,few clouds
14,Beloha,MG,-25.1667,45.05,74.26,94,100,19.89,moderate rain
15,Lowestoft,GB,52.4752,1.7516,44.22,89,89,26.78,light rain
16,Simbahan,PH,6.3032,120.5836,80.98,81,98,16.91,overcast clouds
17,Hermanus,ZA,-34.4187,19.2345,68.9,84,12,9.35,few clouds
18,Ushuaia,AR,-54.8,-68.3,60.46,59,75,17.27,broken clouds
19,Cape Town,ZA,-33.9258,18.4232,70.09,70,20,1.01,few clouds
20,Kapaa,US,22.0752,-159.319,73.72,84,75,11.5,broken clouds
21,Coahuayana,MX,18.7333,-103.6833,85.48,27,3,6.62,clear sky
22,Atar,MR,20.5169,-13.0499,89.65,10,0,6.91,clear sky
23,Espinosa,BR,-14.9261,-42.8192,73.56,86,100,2.42,light rain
24,Rikitea,PF,-23.1203,-134.9692,79.02,71,66,16.06,broken clouds
25,Bredasdorp,ZA,-34.5322,20.0403,70.92,73,6,8.05,clear sky
26,Abu Dhabi,AE,24.4667,54.3667,66.96,62,20,1.01,few clouds
27,Victoria,HK,22.2855,114.1577,61.32,84,100,7.0,overcast clouds
28,Chuy,UY,-33.6971,-53.4616,74.41,41,67,14.99,broken clouds
29,Kodiak,US,57.79,-152.4072,36.91,70,0,5.75,clear sky
30,Taoudenni,ML,22.6783,-3.9836,76.53,9,99,6.78,overcast clouds
31,Vestmannaeyjar,IS,63.4427,-20.2734,29.39,74,75,8.05,broken clouds
32,Nhulunbuy,AU,-12.2333,136.7667,75.81,94,100,5.75,overcast clouds
33,Port Alfred,ZA,-33.5906,26.891,75.65,81,0,27.47,clear sky
34,Hofn,IS,64.2539,-15.2082,27.95,65,11,14.88,few clouds
35,Talnakh,RU,69.4865,88.3972,-25.67,98,64,2.24,broken clouds
36,Constitucion,CL,-35.3333,-72.4167,72.16,56,5,8.72,clear sky
37,Provideniya,RU,64.3833,-173.3,-4.76,82,0,5.41,clear sky
38,Businga,CD,3.3333,20.8833,78.44,26,48,3.27,scattered clouds
39,Lieksa,FI,63.3167,30.0167,25.63,92,100,18.03,light snow
40,Tautira,PF,-17.7333,-149.15,84.22,76,56,21.9,light rain
41,Marathon,US,44.9,-89.7668,27.28,78,100,0.0,mist
42,Zanesville,US,39.9404,-82.0132,35.46,85,9,6.85,clear sky
43,Kununurra,AU,-15.7667,128.7333,75.18,94,100,3.44,overcast clouds
44,Umm Lajj,SA,25.0213,37.2685,68.2,48,0,20.6,clear sky
45,Smithers,CA,54.7804,-127.1743,35.92,64,40,3.44,scattered clouds
46,Touros,BR,-5.1989,-35.4608,88.7,60,33,13.42,scattered clouds
47,Lamesa,US,32.7376,-101.951,53.08,29,4,21.52,clear sky
48,Vukovar,HR,45.3433,18.9997,45.7,75,0,3.44,clear sky
49,Wanning,CN,18.8003,110.3967,70.0,90,99,5.84,overcast clouds
50,Plettenberg Bay,ZA,-34.0527,23.3716,74.93,66,81,3.31,broken clouds
51,Busselton,AU,-33.65,115.3333,54.09,60,72,17.43,broken clouds
52,Bambous Virieux,MU,-20.3428,57.7575,79.21,89,40,11.5,scattered clouds
53,Albany,US,42.6001,-73.9662,27.48,49,18,4.0,few clouds
54,Punta Arenas,CL,-53.15,-70.9167,69.91,49,75,16.11,broken clouds
55,Presidencia Roque Saenz Pena,AR,-26.7852,-60.4388,85.6,28,14,8.61,few clouds
56,Karratha,AU,-20.7377,116.8463,84.0,80,20,5.08,few clouds
57,Olafsvik,IS,64.8945,-23.7142,27.48,71,80,14.58,broken clouds
58,Broome,US,42.2506,-75.833,28.47,63,0,3.0,clear sky
59,Jamestown,US,42.097,-79.2353,33.53,29,0,13.8,clear sky
60,Clyde River,CA,70.4692,-68.5914,-32.57,75,0,5.75,clear sky
61,Castro,BR,-24.7911,-50.0119,77.77,66,68,7.36,broken clouds
62,Khatanga,RU,71.9667,102.5,-19.57,98,95,8.05,overcast clouds
63,Hilo,US,19.7297,-155.09,69.24,95,100,5.75,heavy intensity rain
64,Georgetown,MY,5.4112,100.3354,78.73,93,40,0.0,scattered clouds
65,Chokurdakh,RU,70.6333,147.9167,-38.94,100,99,2.42,overcast clouds
66,Sabang,ID,5.8933,95.3214,77.31,88,100,15.73,overcast clouds
67,Atuona,PF,-9.8,-139.0333,78.75,73,10,20.15,clear sky
68,Seinajoki,FI,62.7945,22.8282,32.58,71,100,4.0,overcast clouds
69,Qaanaaq,GL,77.484,-69.3632,-12.26,57,60,8.59,broken clouds
70,Tuy Hoa,VN,13.0833,109.3,70.99,93,100,5.26,overcast clouds
71,Fairbanks,US,64.8378,-147.7164,-1.7,77,100,0.0,light snow
72,Aleksandro-Nevskiy,RU,53.4751,40.2095,20.26,80,79,7.61,broken clouds
73,Fayaoue,NC,-20.65,166.5333,82.0,79,99,10.42,overcast clouds
74,New Norfolk,AU,-42.7826,147.0587,52.72,73,34,1.86,scattered clouds
75,Tubmanburg,LR,6.8708,-10.8172,85.78,60,36,9.46,scattered clouds
76,Iskateley,RU,67.6803,53.1512,9.72,86,74,16.64,broken clouds
77,Lakes Entrance,AU,-37.8811,147.981,52.57,91,5,5.91,clear sky
78,Vetlanda,SE,57.4289,15.0776,33.67,94,61,5.93,broken clouds
79,Yellowknife,CA,62.456,-114.3525,-7.58,87,75,12.66,light snow
80,Srednekolymsk,RU,67.45,153.6833,-36.71,100,62,1.16,broken clouds
81,Diego De Almagro,CL,-26.3667,-70.05,84.52,15,0,14.52,clear sky
82,Manzil Salim,TN,35.8567,8.4765,51.8,62,100,3.33,overcast clouds
83,Babylon,US,40.6957,-73.3257,31.26,64,20,1.01,few clouds
84,Baft,IR,29.234,56.6057,40.23,50,0,3.71,clear sky
85,Kolpashevo,RU,58.3131,82.9089,9.25,94,100,4.61,overcast clouds
86,Carnarvon,AU,-24.8667,113.6333,74.17,69,21,23.78,few clouds
87,Verkhnevilyuysk,RU,63.4453,120.3167,-7.1,98,100,5.55,overcast clouds
88,Nemuro,JP,43.3236,145.575,24.98,75,89,17.11,overcast clouds
89,Mayumba,GA,-3.432,10.6554,78.35,86,60,5.37,broken clouds
90,Ulladulla,AU,-35.35,150.4667,61.77,83,63,9.15,broken clouds
91,Lethem,GY,3.3803,-59.7968,93.11,43,94,9.01,overcast clouds
92,Knysna,ZA,-34.0363,23.0471,79.18,58,86,5.5,overcast clouds
93,Moranbah,AU,-22.0016,148.0466,67.93,76,19,14.52,few clouds
94,Harper,LR,4.375,-7.7169,81.46,76,79,10.63,broken clouds
95,Quesnel,CA,52.9999,-122.5029,39.7,65,75,8.05,broken clouds
96,Souillac,MU,-20.5167,57.5167,79.36,89,40,11.5,scattered clouds
97,Wana,PK,32.2989,69.5725,43.03,80,78,1.66,broken clouds
98,Coihaique,CL,-45.5752,-72.0662,83.01,41,20,8.05,few clouds
99,Ponta Do Sol,PT,32.6667,-17.1,64.13,53,29,11.3,scattered clouds
100,Nador,MA,35.174,-2.9287,59.25,82,75,10.36,broken clouds
101,Cabra,ES,37.4725,-4.4421,56.64,64,59,4.0,broken clouds
102,Turukhansk,RU,65.8167,87.9833,-10.16,100,96,3.29,overcast clouds
103,Olinda,BR,-8.0089,-34.8553,85.73,54,40,9.22,scattered clouds
104,Upernavik,GL,72.7868,-56.1549,-12.93,96,100,6.17,overcast clouds
105,Najran,SA,17.4924,44.1277,61.45,40,6,5.14,clear sky
106,Thompson,CA,55.7435,-97.8558,-11.04,64,20,4.61,few clouds
107,Tilichiki,RU,60.4667,166.1,-14.31,86,63,9.01,broken clouds
108,Sao Felix Do Xingu,BR,-6.6447,-51.995,87.62,60,97,3.96,overcast clouds
109,Lavrentiya,RU,65.5833,-171.0,-12.46,93,5,6.67,clear sky
110,Ketchikan,US,55.3422,-131.6461,45.07,100,100,19.57,moderate rain
111,Ramanuj Ganj,IN,23.8,83.7,51.22,35,0,1.66,clear sky
112,Pevek,RU,69.7008,170.3133,-24.39,99,42,1.66,scattered clouds
113,Pangnirtung,CA,66.1451,-65.7125,-31.0,68,75,0.0,broken clouds
114,Dongsheng,CN,39.8161,109.9776,16.9,35,100,4.29,overcast clouds
115,Antalaha,MG,-14.9003,50.2788,76.59,87,80,5.3,broken clouds
116,Dikson,RU,73.5069,80.5464,-20.88,99,82,9.37,broken clouds
117,Ormara,PK,25.2088,64.6357,71.78,76,0,11.59,clear sky
118,Kutum,SD,14.2,24.6667,59.4,14,36,11.63,scattered clouds
119,Bela,IN,25.9333,81.9833,52.83,67,0,4.09,clear sky
120,Okha,RU,53.5739,142.9478,1.27,93,100,22.08,overcast clouds
121,Aranos,NA,-24.1333,19.1167,81.9,35,77,11.63,broken clouds
122,Faanui,PF,-16.4833,-151.75,81.23,76,100,22.79,light rain
123,Mar Del Plata,AR,-38.0023,-57.5575,66.22,89,100,25.01,overcast clouds
124,Leopoldov,SK,48.4458,17.7646,46.45,83,100,8.99,light rain
125,Balaipungut,ID,1.05,101.2833,73.81,96,100,1.77,overcast clouds
126,Canico,PT,32.6333,-16.85,64.13,78,75,1.99,broken clouds
127,Isla Mujeres,MX,21.2311,-86.731,77.05,81,26,10.07,scattered clouds
128,Am Timan,TD,11.0297,20.2827,79.97,14,11,5.91,few clouds
129,Yulara,AU,-25.2406,130.9889,69.64,43,0,6.91,clear sky
130,East London,ZA,-33.0153,27.9116,72.54,88,20,12.66,few clouds
131,Tasiilaq,GL,65.6145,-37.6368,23.16,63,100,32.84,overcast clouds
132,Ahome,MX,25.9167,-109.1833,66.15,46,0,8.48,clear sky
133,Narsaq,GL,60.9167,-46.05,7.02,64,100,1.79,overcast clouds
134,Kirakira,SB,-10.4544,161.9205,80.85,86,100,7.7,overcast clouds
135,Nurota,UZ,40.5614,65.6886,35.69,77,100,10.98,overcast clouds
136,Desbiens,CA,48.4178,-71.9495,3.85,85,99,10.54,overcast clouds
137,Coihueco,CL,-36.6167,-71.8333,95.81,10,0,7.07,clear sky
138,Avera,US,33.194,-82.5271,49.75,43,70,10.51,broken clouds
139,Iqaluit,CA,63.7506,-68.5145,-32.31,66,20,4.0,few clouds
140,Salmo,CA,49.1999,-117.2689,38.08,84,96,1.99,overcast clouds
141,San Vicente,AR,-26.6167,-54.1333,86.49,23,0,7.56,clear sky
142,Ascension,US,30.2169,-90.9001,56.1,40,0,4.61,clear sky
143,Sisimiut,GL,66.9395,-53.6735,0.5,94,100,10.0,overcast clouds
144,Port-Gentil,GA,-0.7193,8.7815,80.55,77,10,10.45,clear sky
145,Reinosa,ES,42.9996,-4.138,42.21,87,100,3.8,overcast clouds
146,Imeni Poliny Osipenko,RU,52.4201,136.4853,0.34,98,100,3.89,overcast clouds
147,Lagoa,PT,39.05,-27.9833,60.21,84,8,12.1,clear sky
148,Key West,US,24.5557,-81.7826,82.4,69,0,8.05,clear sky
149,Mbanza-Ngungu,CD,-5.25,14.8667,70.68,89,81,2.75,light rain
150,Saskylakh,RU,71.9167,114.0833,-23.96,100,97,1.5,overcast clouds
151,Cansancao,BR,-10.6672,-39.4992,94.14,25,57,6.26,broken clouds
152,Palmer,US,42.1584,-72.3287,28.02,39,40,1.99,scattered clouds
153,Grindavik,IS,63.8424,-22.4338,27.07,74,100,8.05,overcast clouds
154,Tessalit,ML,20.1986,1.0114,72.41,9,0,6.35,clear sky
155,Havre-Saint-Pierre,CA,50.2334,-63.5986,5.59,51,0,16.11,clear sky
156,Ca Mau,VN,9.1769,105.15,79.36,68,88,10.76,overcast clouds
157,Krutinka,RU,56.0055,71.5113,-2.13,93,100,4.29,overcast clouds
158,Kalmunai,LK,7.4167,81.8167,76.32,80,97,7.34,light rain
159,Richards Bay,ZA,-28.783,32.0377,72.16,92,18,6.55,moderate rain
160,Ignacio Zaragoza,MX,28.3833,-107.2167,51.75,24,0,5.99,clear sky
161,Ranong,TH,9.9658,98.6348,75.25,89,55,4.85,broken clouds
162,Kuantan,MY,3.8077,103.326,77.11,88,20,5.75,moderate rain
163,College,US,64.8569,-147.8028,-1.71,78,100,3.44,light snow
164,Mahebourg,MU,-20.4081,57.7,79.25,89,40,11.5,scattered clouds
165,Saint-Augustin,CA,51.226,-58.6502,-1.86,70,12,15.28,few clouds
166,Bereznik,RU,62.8551,42.7072,13.01,96,100,7.49,overcast clouds
167,Port Augusta,AU,-32.5,137.7667,71.71,33,15,8.41,few clouds
168,Lasa,IT,46.6166,10.7002,41.74,66,93,4.16,overcast clouds
169,Americana,BR,-22.7392,-47.3314,83.5,76,100,5.46,overcast clouds
170,Pisco,PE,-13.7,-76.2167,71.02,83,40,10.36,mist
171,Metkovic,HR,43.0542,17.6483,50.47,83,9,3.33,clear sky
172,Haines Junction,CA,60.7522,-137.5108,39.15,45,90,13.8,overcast clouds
173,Zhicheng,CN,30.2956,111.5047,32.27,99,100,7.2,light snow
174,San Pedro De Macoris,DO,18.4616,-69.2972,82.53,82,92,13.2,overcast clouds
175,Mackay,AU,-21.15,149.2,72.68,66,69,19.06,broken clouds
176,Hasaki,JP,35.7333,140.8333,25.2,43,0,25.39,clear sky
177,Esperance,AU,-33.8667,121.9,62.44,77,32,28.52,scattered clouds
178,Geraldton,AU,-28.7667,114.6,68.41,52,40,10.36,scattered clouds
179,Arcata,US,40.8665,-124.0828,56.01,76,0,0.0,clear sky
180,Portland,US,45.5234,-122.6762,52.2,85,100,1.01,fog
181,Puerto Ayora,EC,-0.7393,-90.3518,84.16,86,37,8.01,scattered clouds
182,Port Lincoln,AU,-34.7333,135.8667,71.8,68,0,14.25,clear sky
183,Ondjiva,AO,-17.0667,15.7333,69.4,75,100,4.25,light rain
184,Kasama,ZM,-10.2129,31.1808,60.26,97,100,1.88,overcast clouds
185,Raga,SS,8.4596,25.678,70.88,18,61,4.43,broken clouds
186,Saint-Philippe,RE,-21.3585,55.7679,78.39,79,99,15.37,overcast clouds
187,Katsuura,JP,35.1333,140.3,37.51,44,29,7.85,scattered clouds
188,Dingle,PH,10.9995,122.6711,73.74,88,37,7.99,scattered clouds
189,Saint George,US,37.1041,-113.5841,55.87,25,0,3.0,clear sky
190,Elko,US,41.0002,-115.5012,35.06,63,0,4.0,clear sky
191,Luau,AO,-10.7073,22.2247,68.09,83,74,3.51,broken clouds
192,Davila,PH,18.4726,120.5763,73.38,85,68,18.9,broken clouds
193,Lubyany,RU,56.0378,51.4,24.44,98,99,1.32,overcast clouds
194,Kuching,MY,1.55,110.3333,75.42,100,40,2.3,light rain
195,Half Moon Bay,US,37.4636,-122.4286,62.46,70,0,0.0,clear sky
196,Bethel,US,41.3712,-73.414,29.01,56,0,1.01,clear sky
197,Mbarara,UG,-0.608,30.65,71.8,56,75,2.64,broken clouds
198,Saldanha,ZA,-33.0117,17.9442,68.05,95,40,7.99,scattered clouds
199,Cururupu,BR,-1.8283,-44.8683,85.71,64,77,7.65,moderate rain
200,San Quintin,MX,30.4833,-115.95,62.55,30,1,2.04,clear sky
201,Nikolskoye,RU,59.7035,30.7861,35.87,94,100,12.33,light snow
202,Korla,CN,41.7597,86.1469,24.26,46,9,5.08,clear sky
203,Aklavik,CA,68.2191,-135.0107,-18.4,76,75,17.27,broken clouds
204,Taksimo,RU,56.3444,114.8794,-7.69,96,100,1.01,overcast clouds
205,Kavaratti,IN,10.5669,72.642,78.49,68,36,10.27,scattered clouds
206,Sorland,NO,67.667,12.6934,35.46,61,100,17.0,overcast clouds
207,Sao Joao Da Barra,BR,-21.6403,-41.0511,87.89,80,27,17.09,scattered clouds
208,Tura,IN,25.5198,90.2201,52.05,81,18,2.75,few clouds
209,Mikhaylovka,RU,50.06,43.2379,26.78,97,100,6.04,overcast clouds
210,Colac,AU,-38.3333,143.5833,60.15,93,2,6.2,clear sky
211,Guerrero Negro,MX,27.9769,-114.0611,64.27,29,0,1.7,clear sky
212,Codrington,AU,-38.2667,141.9667,59.04,73,0,9.44,clear sky
213,Fuyu,CN,45.1833,124.8167,-5.1,100,45,3.24,scattered clouds
214,San Patricio,US,28.017,-97.5169,62.55,62,1,5.23,clear sky
215,Oksfjord,NO,70.2396,22.3479,27.52,86,27,13.15,scattered clouds
216,Longyearbyen,SJ,78.2186,15.6401,19.24,63,40,19.57,scattered clouds
217,Qasigiannguit,GL,68.8193,-51.1922,1.65,99,100,5.3,light snow
218,Nianzishan,CN,47.5167,122.8833,4.51,72,32,5.28,scattered clouds
219,Skoghall,SE,59.3232,13.4655,32.56,86,60,5.75,broken clouds
220,Tuktoyaktuk,CA,69.4541,-133.0374,-22.0,76,100,18.41,light snow
221,Morondava,MG,-20.2833,44.2833,80.83,82,100,17.81,moderate rain
222,Mabaruma,GY,8.2,-59.7833,77.38,94,66,4.56,broken clouds
223,Hualmay,PE,-11.0964,-77.6139,74.79,68,91,10.04,overcast clouds
224,Stolin,BY,51.8912,26.846,33.4,95,100,13.87,overcast clouds
225,Minas De Barroteran,MX,27.6333,-101.2833,51.66,29,2,3.4,clear sky
226,Lishui,CN,28.4604,119.9103,41.36,95,100,3.04,light rain
227,Leningradskiy,RU,69.3833,178.4167,-22.81,98,33,6.08,scattered clouds
228,Navahrudak,BY,53.6,25.8333,31.87,98,100,16.49,light snow
229,Husavik,IS,66.0449,-17.3389,24.71,78,100,9.93,light snow
230,Sur,OM,22.5667,59.5289,71.49,72,1,8.32,clear sky
231,Shestakovo,RU,56.4915,103.96,7.3,99,100,3.11,overcast clouds
232,Cherskiy,RU,68.75,161.3,-30.93,100,47,1.45,scattered clouds
233,Saint-Joseph,RE,-21.3667,55.6167,77.38,77,95,10.96,overcast clouds
234,Ribeira Grande,PT,38.5167,-28.7,63.0,82,75,14.97,broken clouds
235,Bathsheba,BB,13.2167,-59.5167,84.81,61,40,20.71,scattered clouds
236,Bambanglipuro,ID,-7.95,110.2833,75.99,89,100,4.12,overcast clouds
237,Zhigansk,RU,66.7697,123.3711,-24.83,98,99,6.89,overcast clouds
238,Caravelas,BR,-17.7125,-39.2481,84.85,60,4,10.6,clear sky
239,Zavyalovo,RU,54.5053,82.4484,-2.2,88,64,1.19,broken clouds
240,Metsavan,AM,41.2016,44.2288,13.44,59,59,6.08,broken clouds
241,Uvira,CD,-3.4067,29.1458,74.73,82,70,2.37,light rain
242,Vardo,NO,70.3705,31.1107,26.58,74,75,23.02,broken clouds
243,Pauini,BR,-7.7136,-66.9764,83.07,69,98,0.78,overcast clouds
244,Awbari,LY,26.5921,12.7805,61.14,18,25,9.24,scattered clouds
245,Oistins,BB,13.0667,-59.5333,84.29,61,40,20.71,scattered clouds
246,Marawi,PH,7.9986,124.2928,65.64,90,54,1.72,broken clouds
247,Ovsyanka,RU,55.9575,92.5519,22.17,92,100,4.56,overcast clouds
248,Tiksi,RU,71.6872,128.8694,-15.12,98,100,2.91,overcast clouds
249,Fort Nelson,CA,58.8053,-122.7002,11.79,92,40,8.05,scattered clouds
250,Udayagiri,IN,20.1333,84.3833,55.42,46,32,2.21,scattered clouds
251,Fairfield,US,41.2668,-73.3162,29.62,59,0,1.01,clear sky
252,Wagar,SD,16.1525,36.2032,73.4,33,0,11.3,clear sky
253,Peremyshlyany,UA,49.6652,24.5585,37.72,75,100,17.16,overcast clouds
254,Goderich,CA,43.7501,-81.7165,28.9,74,99,17.27,overcast clouds
255,Farmington,US,36.7281,-108.2187,40.86,46,0,0.0,clear sky
256,Alice,US,27.7523,-98.0697,63.97,50,0,8.05,clear sky
257,Kupang,ID,-10.1667,123.5833,79.07,85,41,7.18,scattered clouds
258,Chapais,CA,49.7834,-74.8492,6.58,92,100,11.07,light snow
259,Lebu,CL,-37.6167,-73.65,66.9,62,0,13.85,clear sky
260,Tomatlan,MX,19.9333,-105.25,88.68,29,7,4.81,clear sky
261,Doha,QA,25.2867,51.5333,62.58,59,0,12.66,clear sky
262,Arzgir,RU,45.3728,44.2206,34.97,72,98,19.98,snow
263,Hami,CN,42.8,93.45,27.16,29,47,15.7,scattered clouds
264,Brae,GB,60.3964,-1.353,39.11,59,98,30.53,overcast clouds
265,Ekpoma,NG,6.7421,6.139,82.24,16,7,2.35,clear sky
266,Pontes E Lacerda,BR,-15.2261,-59.3353,78.62,87,99,7.83,overcast clouds
267,Mount Isa,AU,-20.7333,139.5,74.97,73,100,6.91,overcast clouds
268,Ushtobe,KZ,45.2514,77.9838,20.25,89,55,4.03,broken clouds
269,Terrace Bay,CA,48.7834,-87.1,20.82,90,100,13.91,light snow
270,Winnemucca,US,40.973,-117.7357,42.12,48,0,0.0,clear sky
271,Coquimbo,CL,-29.9533,-71.3436,69.51,68,29,6.89,scattered clouds
272,Marzuq,YE,14.4,46.4667,66.51,31,40,3.49,scattered clouds
273,Gostyn,PL,51.8825,17.0123,43.05,88,100,23.09,light rain
274,Faya,SA,18.3851,42.4509,53.71,76,3,3.94,clear sky
275,Port Blair,IN,11.6667,92.75,78.82,80,13,10.16,few clouds
276,Kahului,US,20.8947,-156.47,75.85,78,20,12.66,few clouds
277,Otane,NZ,-39.8833,176.6333,57.38,97,100,6.64,overcast clouds
278,Cidreira,BR,-30.1811,-50.2056,81.59,50,24,13.31,few clouds
279,Dubrovnik,HR,42.6481,18.0922,49.64,87,0,4.61,clear sky
280,Kaitangata,NZ,-46.2817,169.8464,41.2,94,6,1.83,clear sky
281,Te Anau,NZ,-45.4167,167.7167,39.02,94,5,1.34,clear sky
282,Holme,DK,56.1138,10.1725,35.17,91,92,10.0,overcast clouds
283,Poum,NC,-20.2333,164.0167,79.99,84,100,9.64,overcast clouds
284,Sitka,US,57.0531,-135.33,44.49,81,100,14.97,light rain
285,San Luis,AR,-33.295,-66.3356,77.59,15,0,5.75,clear sky
286,Pimenta Bueno,BR,-11.6725,-61.1936,85.62,71,84,2.77,broken clouds
287,Kattivakkam,IN,13.2167,80.3167,81.07,75,91,9.86,overcast clouds
288,Eucaliptus,BO,-17.5833,-67.5167,62.29,52,99,17.54,overcast clouds
289,Carpinteria,US,34.3989,-119.5185,77.38,31,0,3.2,clear sky
290,Isangel,VU,-19.55,169.2667,79.52,90,100,14.14,moderate rain
291,Norman Wells,CA,65.282,-126.8329,-14.76,70,75,12.66,broken clouds
292,Saint-Francois,FR,46.4154,3.9054,47.64,71,100,16.11,overcast clouds
293,San Ramon,US,37.7799,-121.978,59.41,63,0,1.01,clear sky
294,Floriano,BR,-6.7669,-43.0225,88.61,56,79,1.74,broken clouds
295,Hatillo,PR,18.4863,-66.8254,82.99,84,64,3.0,broken clouds
296,North Branch,US,45.5113,-92.9802,22.98,74,100,12.66,overcast clouds
297,Sambava,MG,-14.2667,50.1667,75.99,89,48,8.55,light rain
298,Fortuna,US,40.5982,-124.1573,55.74,79,0,6.91,clear sky
299,Petatlan,MX,17.5167,-101.2667,85.8,37,4,6.53,clear sky
300,Sayyan,YE,15.1718,44.3244,55.31,45,39,5.08,scattered clouds
301,Carballo,ES,43.213,-8.691,55.58,92,52,1.68,broken clouds
302,Miri,MY,4.4148,114.0089,75.34,100,40,0.0,scattered clouds
303,Nara,JP,34.6851,135.8049,36.68,62,18,3.2,few clouds
304,Eureka,US,40.8021,-124.1637,56.01,82,65,1.61,broken clouds
305,Serebryansk,KZ,49.6925,83.2892,-15.25,79,1,4.21,clear sky
306,Urumqi,CN,43.801,87.6005,4.15,78,3,4.47,mist
307,Tongren,CN,27.7172,109.1853,34.27,99,100,4.0,snow
308,Muros,ES,42.7762,-9.0603,58.23,65,34,10.38,scattered clouds
309,Bijie,CN,27.3125,105.2942,30.83,98,100,2.53,light snow
310,Severo-Kurilsk,RU,50.6789,156.125,30.24,80,100,14.99,overcast clouds
311,Itoman,JP,26.1247,127.6694,59.02,62,100,9.22,overcast clouds
312,Tena,EC,-0.9833,-77.8167,74.16,89,99,3.24,light rain
313,Kampene,CD,-3.6,26.6667,72.07,88,100,1.01,light rain
314,Ilanskiy,RU,56.2358,96.065,3.6,95,100,3.58,overcast clouds
315,Maldonado,UY,-34.6667,-54.9167,69.19,51,31,20.45,scattered clouds
316,Batie,BF,9.8833,-2.9167,89.19,12,10,3.58,clear sky
317,Armacao De Pera,PT,37.1026,-8.357,60.71,74,5,1.19,clear sky
318,Port Hedland,AU,-20.3167,118.5667,84.25,89,4,9.22,clear sky
319,California City,US,35.1258,-117.9859,68.43,22,0,1.01,clear sky
320,Tual,ID,-5.6667,132.75,82.44,78,100,7.56,overcast clouds
321,Aktash,RU,50.3,87.7333,-14.01,65,0,5.77,clear sky
322,Tahe,CN,52.3333,124.7333,-10.23,98,60,3.47,broken clouds
323,Mitsamiouli,KM,-11.3847,43.2844,80.89,89,20,3.44,few clouds
324,Shingu,JP,33.7333,135.9833,38.91,73,9,6.53,clear sky
325,Yeppoon,AU,-23.1333,150.7333,67.78,76,13,14.14,few clouds
326,San Cristobal,VE,7.7669,-72.225,69.98,48,75,5.26,broken clouds
327,Meulaboh,ID,4.1363,96.1285,77.0,89,90,8.86,overcast clouds
328,Ostrovnoy,RU,68.0531,39.5131,14.14,86,96,22.17,overcast clouds
329,Gamboula,CF,4.1178,15.1393,78.62,22,73,1.7,broken clouds
330,Bacolod,PH,10.6667,122.95,75.38,83,62,10.02,broken clouds
331,Mikhaylov,RU,54.2292,39.0186,25.93,94,94,8.7,snow
332,Nome,US,64.5011,-165.4064,-0.33,50,0,8.05,clear sky
333,Yangjiang,CN,21.85,111.9667,59.95,83,97,6.82,overcast clouds
334,Labuhan,ID,-6.8844,112.2051,77.94,90,100,7.16,overcast clouds
335,Dan Khun Thot,TH,15.2085,101.7714,80.08,58,26,2.51,scattered clouds
336,Shenkursk,RU,62.1091,42.896,7.75,98,89,5.01,overcast clouds
337,Nanortalik,GL,60.1432,-45.2371,14.92,68,100,20.51,overcast clouds
338,La Rioja,ES,42.25,-2.5,41.31,72,96,4.81,overcast clouds
339,Winslow,US,35.0242,-110.6974,42.3,25,0,1.99,clear sky
340,Moroni,KM,-11.7022,43.2551,80.08,78,85,9.08,overcast clouds
341,Vao,NC,-22.6667,167.4833,79.93,85,93,1.77,overcast clouds
342,Skjervoy,NO,70.0311,20.9714,28.4,66,50,18.68,scattered clouds
343,Pochutla,MX,15.7432,-96.4661,88.83,35,5,7.38,clear sky
344,Chifeng,CN,42.2683,118.9636,9.57,80,2,5.44,clear sky
345,Port Elizabeth,ZA,-33.918,25.5701,78.1,94,40,16.11,thunderstorm with light rain
346,Denpasar,ID,-8.65,115.2167,78.46,94,40,2.3,scattered clouds
347,Staryy Nadym,RU,65.6118,72.6842,-20.85,100,59,4.94,broken clouds
348,Arraial Do Cabo,BR,-22.9661,-42.0278,89.56,62,0,19.57,clear sky
349,Grafton,US,42.207,-71.6856,28.51,59,0,5.01,clear sky
350,Dalby,AU,-27.1833,151.2667,59.97,79,0,8.79,clear sky
351,Wamba,NG,8.9333,8.6,81.75,15,3,3.38,clear sky
352,Salisbury,GB,51.0693,-1.7957,49.68,79,20,20.71,few clouds
353,Namibe,AO,-15.1961,12.1522,75.07,69,93,14.27,overcast clouds
354,Ulaangom,MN,49.9811,92.0667,-26.46,93,94,3.2,overcast clouds
355,Umm Kaddadah,SD,13.6017,26.6876,61.84,16,99,13.85,overcast clouds
356,Ancud,CL,-41.8697,-73.8203,77.23,67,11,6.17,few clouds
357,Quang Ngai,VN,15.1167,108.8,68.11,92,97,5.55,overcast clouds
358,Torbay,CA,47.6666,-52.7314,16.88,81,100,17.27,light snow
359,Loukhi,RU,66.0764,33.0381,11.34,95,99,9.22,overcast clouds
360,Varva,UA,50.495,32.7197,29.73,92,89,10.6,overcast clouds
361,Eyl,SO,7.9803,49.8164,75.2,71,94,16.67,overcast clouds
362,Kafue,ZM,-15.7691,28.1814,63.81,99,91,4.27,overcast clouds
363,Paso De Los Toros,UY,-32.8167,-56.5167,75.02,33,48,18.41,scattered clouds
364,Diamantino,BR,-14.4086,-56.4461,84.67,72,97,4.27,overcast clouds
365,Salalah,OM,17.0151,54.0924,75.29,83,0,0.0,clear sky
366,Saint Anthony,US,45.0205,-93.218,23.25,76,100,5.01,haze
367,Brewster,US,41.3973,-73.6171,29.41,60,0,3.0,clear sky
368,Westerland,DE,54.9079,8.3033,39.22,87,75,26.46,light intensity shower rain
369,Quirinopolis,BR,-18.4483,-50.4517,83.57,66,94,1.43,overcast clouds
370,Sinnamary,GF,5.3833,-52.95,82.24,73,94,9.22,moderate rain
371,Yerbogachen,RU,61.2767,108.0108,-7.71,100,95,2.08,overcast clouds
372,Omboue,GA,-1.5746,9.2618,78.96,83,62,6.06,broken clouds
373,Ambovombe,MG,-25.1667,46.0833,75.42,93,100,19.95,moderate rain
374,Wewak,PG,-3.5534,143.6268,78.3,88,100,7.67,overcast clouds
375,San Rafael Del Sur,NI,11.8485,-86.4384,85.17,35,39,14.43,scattered clouds
376,Neuquen,AR,-38.9516,-68.0591,85.89,17,0,4.61,clear sky
377,Winsum,NL,53.33,6.5208,40.98,92,100,23.51,overcast clouds
378,Luderitz,NA,-26.6481,15.1594,68.59,75,16,4.94,few clouds
379,Nagod,IN,24.5667,80.6,54.86,43,0,4.36,clear sky
380,Jasper,US,37.2001,-94.3502,44.35,45,20,4.0,few clouds
381,Kavieng,PG,-2.5744,150.7967,81.23,78,100,4.65,overcast clouds
382,Solnechnyy,RU,50.7214,136.6319,-3.06,99,99,1.99,overcast clouds
383,Ocos,GT,14.5094,-92.1933,91.9,61,7,9.98,clear sky
384,Inongo,CD,-1.95,18.2667,78.62,69,59,3.85,broken clouds
385,Camacha,PT,33.0833,-16.3333,60.53,67,40,16.11,scattered clouds
386,Balakhninskiy,RU,58.0106,114.2769,3.27,99,100,1.14,overcast clouds
387,Palma Di Montechiaro,IT,37.1926,13.765,53.96,85,100,8.61,overcast clouds
388,Kruisfontein,ZA,-34.0033,24.7314,76.89,58,81,15.68,broken clouds
389,Ilulissat,GL,69.2167,-51.1,1.42,55,100,6.91,overcast clouds
390,Hamilton,US,39.1834,-84.5333,38.75,61,0,5.01,clear sky
391,Vila Franca Do Campo,PT,37.7167,-25.4333,64.2,86,77,12.55,broken clouds
392,Moldova Noua,RO,44.7375,21.6669,47.14,69,50,4.32,scattered clouds
393,Port Macquarie,AU,-31.4333,152.9167,61.9,80,71,12.17,broken clouds
394,Ola,RU,59.5833,151.2833,-4.86,74,20,11.14,few clouds
395,Rock Sound,BS,24.9,-76.2,74.8,67,28,16.02,scattered clouds
396,Qaqortoq,GL,60.7167,-46.0333,7.3,62,100,5.39,overcast clouds
397,Lata,PT,40.1629,-8.3327,54.91,52,30,4.92,scattered clouds
398,Ahipara,NZ,-35.1667,173.1667,72.37,98,100,6.76,overcast clouds
399,Srivardhan,IN,18.0333,73.0167,70.65,74,58,5.28,broken clouds
400,Shakawe,BW,-18.3667,21.85,72.1,70,73,6.55,broken clouds
401,Lompoc,US,34.6391,-120.4579,72.09,44,0,5.75,clear sky
402,Agadez,NE,19.75,10.25,63.01,13,0,6.58,clear sky
403,Kudahuvadhoo,MV,2.6708,72.8944,82.11,64,47,11.12,scattered clouds
404,Inhambane,MZ,-23.865,35.3833,78.78,89,40,13.8,scattered clouds
405,Tigil,RU,57.8,158.6667,4.17,85,56,5.57,broken clouds
406,Trincomalee,LK,8.5711,81.2335,79.21,67,58,12.48,broken clouds
407,Valdez,EC,1.2492,-78.9831,80.94,71,77,12.55,broken clouds
408,Prince Rupert,CA,54.3161,-130.3201,46.49,76,100,18.41,overcast clouds
409,Fare,PF,-16.7,-151.0167,81.01,74,100,21.09,light rain
410,Resavica,RS,44.0408,21.5816,35.13,78,31,4.45,scattered clouds
411,Altay,CN,47.8667,88.1167,8.67,46,4,10.27,clear sky
412,Turiacu,BR,-1.6633,-45.3717,82.83,76,85,6.91,moderate rain
413,Marfino,RU,55.7028,37.3822,22.95,85,100,6.71,mist
414,Biak,ID,-0.9131,122.8766,75.96,81,95,2.89,overcast clouds
415,Mogadishu,SO,2.0371,45.3438,77.61,82,13,18.75,few clouds
416,Mahibadhoo,MV,3.7833,72.9667,82.02,63,18,10.85,few clouds
417,Jieshi,CN,22.8134,115.8257,58.95,83,98,19.93,overcast clouds
418,Bubaque,GW,11.2833,-15.8333,78.01,69,31,14.76,scattered clouds
419,Barentu,ER,15.1139,37.5928,67.21,34,2,6.22,clear sky
420,Gurupa,BR,-1.405,-51.64,77.29,95,99,4.29,moderate rain
421,Jaipur,IN,26.9167,75.8167,60.12,67,0,2.3,haze
422,Mukhen,RU,48.1,136.1,-5.53,97,93,3.76,overcast clouds
423,Beyneu,KZ,45.3167,55.2,28.4,79,71,6.91,broken clouds
424,Ginda,IN,30.6945,78.4932,34.77,63,66,2.8,broken clouds
425,Padang,ID,-0.9492,100.3543,77.29,75,99,3.98,moderate rain
426,Rocha,UY,-34.4833,-54.3333,72.55,41,52,20.11,broken clouds
427,Hua Hin,TH,12.5707,99.9588,80.01,63,38,3.94,scattered clouds
428,Bengkulu,ID,-3.8004,102.2655,76.42,86,100,8.41,light rain
429,Mount Gambier,AU,-37.8333,140.7667,60.28,63,1,5.86,clear sky
430,Lubumbashi,CD,-11.6609,27.4794,66.69,94,75,0.0,broken clouds
431,Kraskino,RU,42.7114,130.7794,13.05,66,4,8.05,clear sky
432,Champerico,GT,14.3,-91.9167,91.94,58,12,9.82,few clouds
433,Bodden Town,KY,19.2833,-81.25,84.2,64,20,5.99,few clouds
434,Whitehorse,CA,60.7161,-135.0538,32.77,86,75,10.36,light snow
435,Olavarria,AR,-36.8927,-60.3225,67.01,77,63,19.15,broken clouds
436,Montrose,US,38.4166,-108.2673,26.94,61,5,6.53,clear sky
437,Sokolo,ML,14.7328,-6.1219,84.43,8,0,7.54,clear sky
438,Nizhnevartovsk,RU,60.9344,76.5531,5.02,92,40,6.71,scattered clouds
439,Monywa,MM,22.1167,95.1333,62.42,36,20,8.16,few clouds
440,Kibi,GH,6.1649,-0.5538,81.57,60,87,5.06,light rain
441,Waingapu,ID,-9.6567,120.2641,79.2,84,19,5.26,few clouds
442,Cabo San Lucas,MX,22.8909,-109.9124,73.62,67,20,5.99,few clouds
443,Benjamin Hill,MX,30.1667,-111.1,64.17,18,1,3.91,clear sky
444,Aykhal,RU,66.0,111.5,-19.59,98,100,5.46,overcast clouds
445,Kilindoni,TZ,-7.9139,39.6668,81.41,83,100,11.52,overcast clouds
446,Bandar-E Lengeh,IR,26.5579,54.8807,66.31,55,0,6.91,clear sky
447,Ust-Kuyga,RU,70.0167,135.6,-43.29,100,100,4.56,overcast clouds
448,Gushikawa,JP,26.3544,127.8686,58.23,70,100,6.91,overcast clouds
449,Petropavlovsk-Kamchatskiy,RU,53.0452,158.6483,27.19,69,75,17.9,light shower snow
450,Caraz,PE,-9.0486,-77.81,65.28,80,97,5.08,light rain
451,Sembe,CG,1.6481,14.5806,79.59,24,67,1.01,broken clouds
452,Dunedin,NZ,-45.8742,170.5036,51.8,80,7,1.01,clear sky
453,Myanaung,MM,18.2833,95.3167,64.69,52,100,1.95,overcast clouds
454,Kulhudhuffushi,MV,6.6221,73.07,80.56,72,91,10.38,overcast clouds
455,Paka,MY,4.6374,103.4368,76.93,100,100,4.61,overcast clouds
456,Kismayo,SO,-0.3582,42.5454,78.58,81,66,16.33,broken clouds
457,Maine-Soroa,NE,13.2114,12.0241,69.15,15,1,10.38,clear sky
458,Medea,DZ,36.2642,2.7539,46.85,89,58,5.46,broken clouds
459,Mkushi,ZM,-13.6202,29.3939,64.29,97,98,3.49,overcast clouds
460,Salvador,SV,13.8333,-88.9167,86.4,32,6,2.37,clear sky
461,Taltal,CL,-25.4,-70.4833,71.17,65,8,6.24,clear sky
462,Avarua,CK,-21.2078,-159.775,77.05,88,75,12.66,broken clouds
463,Namatanai,PG,-3.6667,152.4333,79.5,79,55,4.54,broken clouds
464,Atbasar,KZ,51.8,68.3333,7.25,87,73,10.49,broken clouds
465,Guaraciaba Do Norte,BR,-4.1669,-40.7475,86.56,34,55,6.33,broken clouds
466,Bhadrachalam,IN,17.6667,80.8833,68.16,80,42,4.61,scattered clouds
467,Hihya,EG,30.6713,31.588,63.48,77,12,4.61,few clouds
468,Rio Grande,BR,-32.035,-52.0986,78.91,58,61,16.02,broken clouds
469,Bandarbeyla,SO,9.4942,50.8122,76.03,70,85,14.61,overcast clouds
470,Talavera,PH,15.6167,120.9333,73.81,79,66,4.12,broken clouds
471,Hun,LY,29.1268,15.9477,63.91,17,65,6.87,broken clouds
472,Auki,SB,-8.7676,160.7034,78.85,88,99,7.34,overcast clouds
473,Urubicha,BO,-15.3833,-62.95,71.08,98,100,3.02,overcast clouds
474,San Lawrenz,MT,36.0553,14.204,55.85,88,100,1.01,overcast clouds
475,Clarence Town,AU,-32.5833,151.7833,70.86,90,80,4.76,broken clouds
476,Stornoway,GB,58.2093,-6.3865,38.03,76,75,5.99,broken clouds
477,Lashio,MM,22.9333,97.75,46.65,75,0,2.39,clear sky
478,Bay Roberts,CA,47.5999,-53.2648,17.65,71,100,7.0,overcast clouds
479,Alofi,NU,-19.0595,-169.9187,75.09,94,100,4.61,overcast clouds
480,Caiaponia,BR,-16.9567,-51.8103,82.31,66,88,3.31,heavy intensity rain
481,Bela Vista Do Paraiso,BR,-22.9967,-51.1906,87.04,81,59,9.15,broken clouds
482,Casper,US,42.8666,-106.3131,36.81,65,0,11.01,clear sky
483,Zharkent,KZ,44.1628,80.0,26.65,51,34,0.69,scattered clouds
484,Seymchan,RU,62.8833,152.4333,-40.86,100,50,0.16,scattered clouds
485,Quatre Cocos,MU,-20.2078,57.7625,79.09,82,80,11.36,broken clouds
486,Cockburn Town,TC,21.4612,-71.1419,80.56,44,20,14.97,few clouds
487,Porto Novo,BJ,6.4965,2.6036,84.02,73,3,8.34,clear sky
488,Berlevag,NO,70.8578,29.0864,22.21,84,52,18.34,broken clouds
489,Yumen,CN,40.2833,97.2,13.24,85,7,14.79,clear sky
490,Cozumel,MX,20.5083,-86.9458,76.98,92,100,4.61,overcast clouds
491,Lander,US,42.833,-108.7307,36.99,58,0,0.0,clear sky
492,Volksrust,ZA,-27.3654,29.8818,57.29,91,62,4.43,broken clouds
493,Sencha,UA,50.2548,33.346,29.88,92,81,9.69,broken clouds
494,Dongli,CN,23.5656,116.8194,57.18,72,100,2.24,light rain
495,Yarada,IN,17.65,83.2667,70.12,83,20,2.3,mist
496,Preobrazheniye,RU,42.9019,133.9064,10.78,67,1,8.81,clear sky
497,Gat,IL,31.61,34.7642,54.91,83,24,4.43,few clouds
498,Santiago Del Estero,AR,-27.7951,-64.2615,84.15,32,17,6.24,few clouds
499,Mehamn,NO,71.0357,27.8492,20.14,88,35,15.77,scattered clouds
500,Homer,US,59.6425,-151.5483,31.87,93,75,3.44,broken clouds
501,Vanimo,PG,-2.6741,141.3028,77.32,88,93,5.19,overcast clouds
502,Purpe,RU,64.4803,76.6897,-22.7,100,73,5.37,broken clouds
503,Constantine,DZ,36.365,6.6147,49.41,76,20,4.61,few clouds
504,Serta,PT,39.8085,-8.0988,53.98,41,36,3.58,scattered clouds
505,Dakar,SN,14.6937,-17.4441,85.08,73,0,13.8,clear sky
506,Molina,CL,-35.1167,-71.2833,95.83,13,0,6.69,clear sky
507,Tyup,KG,42.7276,78.3648,20.19,73,100,4.03,overcast clouds
508,Sandwick,GB,60.0,-1.25,39.02,75,40,18.41,scattered clouds
509,Guerrero,MX,17.6667,-100.0,79.25,40,12,4.27,few clouds
510,San Andres,CO,12.5847,-81.7006,84.22,61,20,13.8,few clouds
511,Makokou,GA,0.5738,12.8642,79.88,32,37,1.3,scattered clouds
512,Sao Filipe,CV,14.8961,-24.4956,74.62,68,0,12.01,clear sky
513,Zyryanka,RU,65.75,150.85,-36.89,100,35,0.85,scattered clouds
514,Hay River,CA,60.8156,-115.7999,15.78,86,100,12.66,snow
515,High Point,US,35.9557,-80.0053,41.49,46,0,1.01,clear sky
516,Pringsewu,ID,-5.3582,104.9744,72.52,98,93,1.39,moderate rain
517,Keti Bandar,PK,24.1447,67.4497,70.66,64,0,10.89,clear sky
518,Odessa,UA,46.4775,30.7326,39.13,81,0,11.18,clear sky
519,Kaseda,JP,31.4167,130.3167,34.84,69,93,6.49,overcast clouds
520,Margate,GB,51.3813,1.3862,50.31,70,63,8.99,broken clouds
521,Kohima,IN,25.6667,94.1167,40.26,90,0,1.48,clear sky
522,Teahupoo,PF,-17.8333,-149.2667,78.76,77,66,22.84,light rain
523,Buin,CL,-33.7333,-70.75,92.05,15,0,11.5,clear sky
524,Abeche,TD,13.8292,20.8324,72.81,12,46,11.21,scattered clouds
525,Nioro,GM,13.35,-15.75,100.56,6,4,7.63,clear sky
526,Kjollefjord,NO,70.9457,27.3465,23.36,83,15,22.73,few clouds
527,Broken Hill,AU,-31.95,141.4333,71.31,40,75,12.66,broken clouds
528,Tucumcari,US,35.1717,-103.725,44.44,45,40,28.77,scattered clouds
529,Anzio,IT,41.4853,12.6179,56.44,85,15,1.43,few clouds
530,Ratangarh,IN,28.0833,74.6,63.64,35,0,5.08,clear sky
531,Moose Factory,CA,51.2585,-80.6094,8.6,78,100,8.05,overcast clouds
532,Kaka,TM,37.3482,59.6143,36.21,91,99,4.65,overcast clouds
533,Abbeville,FR,50.1,1.8333,51.94,84,95,26.51,overcast clouds
534,Daigo,JP,36.7667,140.35,29.75,69,37,5.64,scattered clouds
535,Hyeres,FR,43.1167,6.1167,56.73,35,0,14.97,clear sky
536,Pathein,MM,16.7833,94.7333,66.94,71,88,6.71,overcast clouds
537,Oranjemund,NA,-28.55,16.4333,67.03,71,60,8.7,broken clouds
538,Banda Aceh,ID,5.5577,95.3222,76.32,91,100,9.31,overcast clouds
539,Veraval,IN,20.9,70.3667,67.86,69,6,8.32,clear sky
540,Paamiut,GL,61.994,-49.6678,6.51,75,100,10.54,overcast clouds
541,Mbandaka,CD,0.0487,18.2603,82.22,33,56,5.06,broken clouds
542,Nantucket,US,41.2835,-70.0995,32.97,67,98,4.25,overcast clouds
543,Burdur,TR,37.7203,30.2908,34.32,69,0,5.75,clear sky
544,Riyadh,SA,24.6877,46.7219,55.54,37,0,8.7,clear sky
545,Mayo,US,38.8876,-76.5119,37.94,40,0,11.01,clear sky
546,Melo,UY,-32.3667,-54.1833,73.72,41,86,18.5,overcast clouds
547,Conde,BR,-7.2597,-34.9075,85.46,58,20,12.66,few clouds
548,Charters Towers,AU,-20.1,146.2667,69.6,78,16,7.52,few clouds
549,Tupik,RU,54.4253,119.9327,-3.35,95,75,1.23,broken clouds
550,Ilo,PE,-17.6394,-71.3375,72.84,71,91,6.38,overcast clouds
551,Otukpo,NG,7.1913,8.1329,85.55,14,4,0.94,clear sky
552,Vredendal,ZA,-31.6683,18.5012,75.45,39,5,9.08,clear sky
553,Kalabo,ZM,-14.97,22.6814,69.69,88,99,3.47,moderate rain
554,Knin,HR,44.0439,16.2,50.13,93,89,8.97,overcast clouds
555,Kualakapuas,ID,-3.0091,114.3876,77.16,98,99,1.99,light rain
556,Peace River,CA,56.2501,-117.286,43.11,52,75,40.29,broken clouds
557,Riohacha,CO,11.5444,-72.9072,84.31,65,20,13.8,few clouds
558,Morant Bay,JM,17.8815,-76.4093,85.62,59,3,8.08,clear sky
559,Trairi,BR,-3.2778,-39.2689,85.39,61,38,11.12,scattered clouds
560,Laguna,US,38.421,-121.4238,63.23,66,0,1.01,clear sky
561,Platonovka,RU,52.7106,41.952,18.14,97,98,6.6,overcast clouds
562,Callaguip,PH,18.0714,120.4867,73.42,88,75,2.3,broken clouds
563,Salinas,US,36.6777,-121.6555,62.85,54,0,10.36,clear sky
564,Sijunjung,ID,-0.6876,100.9537,71.01,92,100,2.19,light rain
565,Moron,AR,-34.6534,-58.6198,71.94,54,37,11.95,scattered clouds
566,Terrace,CA,54.5163,-128.6035,41.43,87,75,13.8,broken clouds
567,Fomboni,KM,-12.28,43.7425,83.39,72,99,10.67,overcast clouds
568,Farafangana,MG,-22.8167,47.8333,78.48,92,100,18.57,moderate rain
569,Tkibuli,GE,42.3477,42.9981,25.84,99,100,2.53,snow
570,Igarka,RU,67.4667,86.5833,-13.41,100,87,7.07,overcast clouds
571,Darnah,LY,32.767,22.6367,59.2,70,3,10.04,clear sky
572,Kapiri Mposhi,ZM,-13.9652,28.6809,63.61,98,97,3.96,light rain
573,Nizhniy Kuranakh,RU,58.8353,125.4869,-22.27,98,36,2.39,scattered clouds
574,Leeds,GB,53.7964,-1.5477,43.47,84,40,3.0,scattered clouds
575,Marsh Harbour,BS,26.5412,-77.0636,75.02,72,85,12.88,overcast clouds
576,Talcahuano,CL,-36.7167,-73.1167,66.87,63,0,11.3,clear sky
577,Kanniyakumari,IN,8.0833,77.5667,78.67,73,32,8.25,scattered clouds
578,Hokitika,NZ,-42.7167,170.9667,54.23,67,100,9.28,overcast clouds
579,Krabi,TH,8.0726,98.9105,78.91,94,20,2.3,few clouds
580,Chanute,US,37.6792,-95.4572,42.46,56,0,4.61,clear sky
581,Conceicao Da Barra,BR,-18.5933,-39.7322,84.18,63,20,10.94,few clouds
582,Aitape,PG,-3.1374,142.3475,77.56,89,100,3.6,overcast clouds
583,Primorsk,UA,46.7348,36.3443,37.29,74,87,11.07,overcast clouds
584,Jalu,LY,29.0331,21.5482,62.26,26,3,4.65,clear sky
585,Balkanabat,TM,39.5108,54.3671,40.03,65,90,2.51,overcast clouds
586,North Bend,US,43.4065,-124.2243,53.51,80,0,6.91,clear sky
587,Saint-Leu,RE,-21.15,55.2833,77.86,77,99,3.06,overcast clouds
588,Nagorsk,RU,59.3172,50.8078,17.38,97,98,4.38,light snow
589,Foligno,IT,42.944,12.7011,52.45,82,51,7.87,broken clouds
590,Dubti,ET,11.7361,41.0853,79.32,50,66,15.32,broken clouds
591,Severodvinsk,RU,64.5635,39.8302,8.71,92,82,11.9,broken clouds
592,Bedele,ET,8.456,36.353,65.89,45,83,3.94,broken clouds
593,Gizo,SB,-8.103,156.8419,83.08,78,96,12.8,overcast clouds
594,Englewood,US,39.6478,-104.9878,39.81,48,40,1.99,scattered clouds
595,Socorro,US,31.6546,-106.3033,50.05,29,0,6.91,clear sky
596,Sinazongwe,ZM,-17.2614,27.4618,73.0,82,50,5.01,light rain
597,Teguise,ES,29.0605,-13.564,64.62,73,2,21.85,clear sky
598,Las Palmas,ES,28.4204,-14.0131,63.39,82,20,19.57,few clouds
599,Havoysund,NO,70.9963,24.6622,27.48,73,17,29.42,few clouds
600,Baghdad,IQ,33.3406,44.4009,51.71,46,0,2.3,clear sky
601,Ponta Delgada,PT,37.7333,-25.6667,64.51,88,40,13.8,scattered clouds
602,Kloulklubed,PW,7.0419,134.2556,79.3,83,100,21.92,moderate rain
603,Praya,CV,14.9215,-23.5087,79.34,50,0,17.27,clear sky
604,Ozinki,RU,51.1786,49.6769,22.62,96,100,7.45,overcast clouds
605,Baglung,NP,28.2719,83.5898,46.35,88,42,3.22,scattered clouds
606,Krasnyy Kholm,RU,58.0607,37.1203,12.09,98,95,6.08,overcast clouds
607,Tonneins,FR,44.3921,0.3124,50.67,86,98,11.97,overcast clouds
608,Rio Gallegos,AR,-51.6226,-69.2181,77.05,33,40,19.57,scattered clouds
609,Marquette,US,46.5333,-87.6335,22.68,75,75,6.6,light snow
610,Saint-Pierre,RE,-21.3393,55.4781,78.48,78,0,5.75,clear sky
611,Maraba,BR,-5.3686,-49.1178,89.78,66,20,2.3,few clouds
612,Nadym,RU,65.5333,72.5167,-20.78,100,39,4.97,scattered clouds
613,Kieta,PG,-6.2167,155.6333,79.77,83,83,7.27,broken clouds
614,Tabuk,PH,17.4189,121.4443,68.85,97,98,1.61,overcast clouds
615,Lobanovo,RU,57.8595,56.3026,19.31,73,0,13.42,clear sky
616,Sampang,ID,-7.1872,113.2394,76.95,85,97,14.52,overcast clouds
617,Klaksvik,FO,62.2266,-6.589,36.52,60,80,35.99,broken clouds
618,Akdepe,TM,42.0551,59.3788,32.0,58,55,7.4,broken clouds
619,Voznesenye,RU,61.0106,35.4781,17.82,91,92,10.16,overcast clouds
620,Port Hardy,CA,50.6996,-127.4199,46.76,81,100,14.97,overcast clouds
621,Markova,UA,48.6758,24.4138,36.99,67,100,20.78,overcast clouds
622,Formosa,AR,-26.1775,-58.1781,85.98,37,20,14.97,few clouds
623,Novaya Zaimka,RU,56.4857,66.9241,5.94,81,100,9.55,overcast clouds
624,Nichlaul,IN,27.3167,83.7333,53.46,76,1,3.18,clear sky
625,Alpena,US,45.0617,-83.4327,29.91,73,100,4.0,overcast clouds
626,Matagami,CA,49.7502,-77.6328,10.51,79,100,16.11,light snow
627,Iquitos,PE,-3.7481,-73.2472,89.64,58,75,5.75,broken clouds
628,Naze,JP,28.3667,129.4833,51.84,64,100,8.08,overcast clouds
629,Santa Fe,AR,-31.6333,-60.7,80.02,34,0,7.0,clear sky
630,Aleksandrov Gay,RU,50.147,48.5704,10.24,95,94,7.38,overcast clouds
631,Zhuhai,CN,22.2769,113.5678,61.99,82,20,14.97,few clouds
632,Khani,GE,41.9563,42.9566,24.37,98,100,1.5,snow
633,Uglich,RU,57.5275,38.3317,16.95,98,89,5.59,overcast clouds
634,Tuatapere,NZ,-46.1333,167.6833,39.81,92,4,3.58,clear sky
635,Mareeba,AU,-17.0,145.4333,70.45,93,41,2.55,scattered clouds
636,Komsomolskiy,UZ,40.4272,71.7189,39.92,87,75,9.22,broken clouds
637,Baculin,PH,7.4525,126.5842,76.14,87,74,7.83,broken clouds
638,Scarborough,GB,54.2797,-0.4044,40.53,80,96,1.99,overcast clouds
639,Brattleboro,US,42.8509,-72.5579,27.66,61,13,5.01,few clouds
640,Puerto Maldonado,PE,-12.6,-69.1833,72.0,100,100,12.66,heavy intensity rain
641,Jaisalmer,IN,26.9147,70.9181,67.55,31,1,5.73,clear sky
642,Itarema,BR,-2.9248,-39.9167,86.14,60,31,14.18,scattered clouds
643,Porto Velho,BR,-8.7619,-63.9039,89.65,55,40,3.44,scattered clouds
644,Ruangwa,TZ,-10.0667,38.9333,73.24,91,93,2.73,light rain
645,Jiazi,CN,22.8779,116.067,57.16,83,100,19.22,overcast clouds
646,Makakilo City,US,21.3469,-158.0858,73.29,80,0,0.0,clear sky
647,Chachapoyas,PE,-6.2317,-77.869,61.29,85,100,2.73,moderate rain
648,Bongandanga,CD,1.5,21.05,80.65,33,71,2.51,broken clouds
649,Maragogi,BR,-9.0122,-35.2225,83.75,63,90,13.47,overcast clouds
650,Cairns,AU,-16.9167,145.7667,75.07,93,77,8.05,broken clouds
651,Nisia Floresta,BR,-6.0911,-35.2086,88.61,53,37,12.71,scattered clouds
652,Daragutan,PH,17.0,122.0333,70.72,94,100,3.04,overcast clouds
653,Praia,CV,14.9215,-23.5087,79.34,50,0,17.27,clear sky
654,Riachao Das Neves,BR,-11.7461,-44.91,79.95,73,100,1.86,heavy intensity rain
655,Fukue,JP,32.6881,128.8419,43.93,62,85,16.37,overcast clouds
656,Amapa,BR,1.0,-52.0,73.71,98,100,3.36,overcast clouds
657,Hovd,MN,48.0056,91.6419,-13.72,77,9,3.13,clear sky
658,Point Pedro,LK,9.8167,80.2333,78.42,67,55,13.47,broken clouds
659,Port Hawkesbury,CA,45.6169,-61.3485,18.99,83,100,9.22,overcast clouds
660,Ridgecrest,US,35.6225,-117.6709,61.47,12,0,5.99,clear sky
661,Buluang,PH,13.3068,123.3425,72.46,94,17,2.82,few clouds
662,Rosarito,MX,32.3333,-117.0333,73.63,24,1,4.12,clear sky
663,Zhanaozen,KZ,43.3,52.8,30.34,73,62,7.07,broken clouds
664,Jinji,CN,23.2281,110.8261,53.26,96,100,2.98,overcast clouds
665,Camalu,MX,30.85,-116.0667,70.43,26,1,3.18,clear sky
666,Campo Verde,BR,-20.4167,-54.0667,78.01,81,100,7.18,very heavy rain
667,Blackwater,AU,-23.5833,148.8833,67.62,72,30,6.35,scattered clouds
668,Portales,US,34.1862,-103.3344,46.33,31,1,23.8,clear sky
669,Yebaishou,CN,41.3975,119.6408,13.46,70,1,2.84,clear sky
670,Rawson,AR,-43.3002,-65.1023,75.96,34,15,15.9,few clouds
671,Verkhniye Tatyshly,RU,56.2912,55.8575,14.47,96,100,4.21,overcast clouds
672,Ilhabela,BR,-23.7781,-45.3581,82.44,84,100,6.04,overcast clouds
673,Deputatskiy,RU,69.3,139.9,-34.22,99,78,4.88,broken clouds
674,Palafrugell,ES,41.9174,3.1631,51.26,50,68,3.0,broken clouds
675,Norsup,VU,-16.0667,167.3833,78.91,85,100,9.37,heavy intensity rain
676,Lufilufi,WS,-13.8745,-171.5986,74.98,80,97,17.18,light rain
677,Vila Velha,BR,-20.3297,-40.2925,85.95,77,20,8.99,few clouds
678,Baykit,RU,61.67,96.37,-8.23,100,96,2.82,overcast clouds
679,Loandjili,CG,-4.7561,11.8578,80.71,83,20,8.05,few clouds
680,Benguela,AO,-12.5763,13.4055,77.61,66,60,6.8,broken clouds
681,Mariinsk,RU,56.2139,87.7472,7.12,95,100,3.02,overcast clouds
682,Sao Jose Da Coroa Grande,BR,-8.8978,-35.1478,84.22,62,92,12.66,overcast clouds
683,Atasu,KZ,48.6814,71.6433,12.09,80,98,9.42,overcast clouds
684,Warri,NG,5.5167,5.75,83.46,64,11,10.42,few clouds
685,Fort Frances,CA,48.5999,-93.4003,12.42,74,75,1.01,broken clouds
686,Sistranda,NO,63.7256,8.834,39.16,61,100,33.31,overcast clouds
687,Ambilobe,MG,-13.2,49.05,75.74,92,31,3.36,light rain
688,Uige,AO,-7.6087,15.0613,68.14,94,63,0.63,light rain
689,Aksu,CN,41.1231,80.2644,21.97,48,78,1.52,broken clouds
690,Gornopravdinsk,RU,60.05,69.9,12.2,96,99,6.4,overcast clouds
691,Novokorsunskaya,RU,45.6408,39.1464,34.02,75,100,9.48,overcast clouds
692,Yaan,NG,7.3833,8.5667,88.07,12,6,2.75,clear sky
693,Fond Du Lac,US,43.775,-88.4388,35.82,59,100,9.22,overcast clouds
